id,data,prodotto,categoria,rating,titolo,testo
1,2026-02-02,Set lenzuola in cotone SoffiCotone,Casa,5,Promosso a pieni voti,"Prodotto fantastico! Materiali solidi e ben rifiniti. Ottimo rapporto qualità-prezzo. Bel design, fa la sua figura. Cinque stelle meritate."
2,2025-03-22,Macchina per il pane HomeBaker,Casa,3,Nella media,"Esperienza nella media. Bel design, fa la sua figura. Interfaccia confusionaria, ci ho messo ore a capirlo. Valutate bene prima di acquistare."
3,2025-12-20,Smartwatch FitPro 2,Elettronica,4,Buono,Mi trovo bene. Confezione ordinata e sostenibile. Semplicissimo da configurare e usare. Ho chiesto un rimborso ma il supporto è stato inutile. Lo consiglio.
4,2025-12-18,Set lenzuola in cotone SoffiCotone,Casa,5,Promosso a pieni voti,"Acquisto azzeccato. Intuitivo fin da subito, nessun manuale necessario. Bel design, fa la sua figura. Ottimo rapporto qualità-prezzo. Consigliatissimo!"
5,2025-05-31,Powerbank ChargeGo 20000mAh,Elettronica,3,Nella media,"Né carne né pesce. Configurazione complicata e istruzioni poco chiare. La spedizione è stata velocissima, arrivato in un giorno. Dipende dalle vostre esigenze."
6,2024-12-18,Zaino da trekking TrekLite 30L,Sport e tempo libero,1,Sconsigliato,Lo sconsiglio. Troppo caro per quello che offre. Ho chiesto un rimborso ma il supporto è stato inutile. La spedizione ha tardato parecchi giorni rispetto alla stima. Mai più.
7,2024-09-06,Monitor UltraView 27 pollici,Elettronica,5,Lo adoro,"Acquisto azzeccato. Costruzione curata nei dettagli. Esteticamente molto bello, design elegante. Fa esattamente quello che promette, molto efficiente. Consigliatissimo!"
8,2024-09-28,Powerbank ChargeGo 20000mAh,Elettronica,1,Pessimo,"Lo sconsiglio. Il colore reale è diverso da quello mostrato online. Assistenza clienti pessima, non rispondono alle email. Si è rotto dopo pochi giorni di utilizzo. Da evitare."
9,2025-06-28,Set lenzuola in cotone SoffiCotone,Casa,5,Top!,"Prodotto fantastico! Bel design, fa la sua figura. Semplicissimo da configurare e usare. Funziona alla grande, prestazioni sopra le aspettative. Lo ricomprerei senza dubbio."
10,2025-02-12,Smartwatch FitPro 2,Elettronica,3,Insomma...,"Né carne né pesce. La spedizione è stata velocissima, arrivato in un giorno. Assistenza clienti pessima, non rispondono alle email. Così così."
11,2025-12-19,Powerbank ChargeGo 20000mAh,Elettronica,4,Soddisfatto,"Nel complesso sono soddisfatto. Funziona alla grande, prestazioni sopra le aspettative. La batteria si scarica in poche ore, autonomia pessima. Assistenza clienti gentile e rapida nel rispondere. Promosso, con piccole riserve."
12,2024-12-15,Caffè in cialde Aroma Intenso (100 pz),Alimentari,3,Si poteva fare meglio,Esperienza nella media. Configurazione complicata e istruzioni poco chiare. Prezzo onesto per quello che offre. Così così.
13,2025-08-26,Frullatore ad alta velocità VitaBlend,Casa,4,Bel prodotto,"Nel complesso sono soddisfatto. La scatola è arrivata ammaccata e mal imballata. Ottimo rapporto qualità-prezzo. Materiali solidi e ben rifiniti. Promosso, con piccole riserve."
14,2025-01-15,Scarpe da running AeroStep,Sport e tempo libero,5,Top!,"Sono entusiasta. Esteticamente molto bello, design elegante. Ottimo rapporto qualità-prezzo. Assistenza clienti gentile e rapida nel rispondere. Lo ricomprerei senza dubbio."
15,2024-08-23,Aspirapolvere senza filo CicloneMax,Casa,4,Buono,"Mi trovo bene. Imballaggio curato e prodotto ben protetto. Lento e poco reattivo nell'uso quotidiano. La spedizione è stata velocissima, arrivato in un giorno. Buon acquisto."
16,2024-07-26,Macchina per il pane HomeBaker,Casa,5,Promosso a pieni voti,"Sono entusiasta. Ottimo rapporto qualità-prezzo. Semplicissimo da configurare e usare. Esteticamente molto bello, design elegante. Lo ricomprerei senza dubbio."
17,2025-04-28,Tastiera meccanica KeyForge RGB,Elettronica,4,Consigliato,"Buon prodotto. Il colore reale è diverso da quello mostrato online. Pacco arrivato prima del previsto, ottimo. Costruzione curata nei dettagli. Lo consiglio."
18,2025-09-21,Monitor UltraView 27 pollici,Elettronica,1,Sconsigliato,"Esperienza da dimenticare. Troppo caro per quello che offre. Interfaccia confusionaria, ci ho messo ore a capirlo. Il colore reale è diverso da quello mostrato online. Soldi buttati."
19,2025-07-29,Powerbank ChargeGo 20000mAh,Elettronica,3,Si poteva fare meglio,Né carne né pesce. La scatola è arrivata ammaccata e mal imballata. Semplicissimo da configurare e usare. Dipende dalle vostre esigenze.
20,2025-06-06,Zaino da trekking TrekLite 30L,Sport e tempo libero,3,Alti e bassi,Né carne né pesce. La scatola è arrivata ammaccata e mal imballata. Ho contattato il supporto e hanno risolto subito. Valutate bene prima di acquistare.
21,2026-01-18,Macchina per il pane HomeBaker,Casa,4,Bel prodotto,"Buon prodotto. Qualità costruttiva eccellente, si sente che è robusto. Imballaggio curato e prodotto ben protetto. Si trova di meglio allo stesso prezzo. Lo consiglio."
22,2026-02-04,Monitor UltraView 27 pollici,Elettronica,1,Da evitare,"Pessima esperienza. Si trova di meglio allo stesso prezzo. Prestazioni deludenti, molto al di sotto delle aspettative. Plastica fragile, non lo ricomprerei. Soldi buttati."
23,2025-04-23,Macchina per il pane HomeBaker,Casa,1,Da evitare,"Esperienza da dimenticare. Materiali scadenti, sembra un prodotto economico. Consegna in ritardo e nessun aggiornamento sul tracciamento. Lento e poco reattivo nell'uso quotidiano. Soldi buttati."
24,2024-07-15,Zaino da trekking TrekLite 30L,Sport e tempo libero,5,Lo adoro,Sono entusiasta. Prestazioni ottime anche sotto sforzo. Confezione ordinata e sostenibile. Ho contattato il supporto e hanno risolto subito. Lo ricomprerei senza dubbio.
25,2025-12-20,Cuffie Bluetooth XSound Pro,Elettronica,5,Lo adoro,"Sono entusiasta. Funziona alla grande, prestazioni sopra le aspettative. Confezione ordinata e sostenibile. Bel design, fa la sua figura. Consigliatissimo!"
26,2025-09-04,Tastiera meccanica KeyForge RGB,Elettronica,5,Lo adoro,"Acquisto azzeccato. Pacco arrivato prima del previsto, ottimo. Esteticamente molto bello, design elegante. Semplicissimo da configurare e usare. Cinque stelle meritate."
27,2025-09-09,Frullatore ad alta velocità VitaBlend,Casa,4,Buono,"Mi trovo bene. Fa esattamente quello che promette, molto efficiente. Bel design, fa la sua figura. Interfaccia confusionaria, ci ho messo ore a capirlo. Promosso, con piccole riserve."
28,2024-07-20,Caffè in cialde Aroma Intenso (100 pz),Alimentari,4,Soddisfatto,"Buon prodotto. Assistenza clienti pessima, non rispondono alle email. Materiali solidi e ben rifiniti. Funziona alla grande, prestazioni sopra le aspettative. Promosso, con piccole riserve."
29,2025-06-19,Macchina per il pane HomeBaker,Casa,3,Nella media,"Esperienza nella media. Ottimo rapporto qualità-prezzo. Prestazioni deludenti, molto al di sotto delle aspettative. Così così."
30,2025-06-21,Scarpe da running AeroStep,Sport e tempo libero,5,Lo adoro,"Sono entusiasta. Pacco arrivato prima del previsto, ottimo. Qualità costruttiva eccellente, si sente che è robusto. Imballaggio curato e prodotto ben protetto. Consigliatissimo!"
31,2025-09-26,Powerbank ChargeGo 20000mAh,Elettronica,4,Soddisfatto,"Buon prodotto. Assistenza clienti gentile e rapida nel rispondere. Configurazione complicata e istruzioni poco chiare. Autonomia eccellente, la ricarico raramente. Buon acquisto."
32,2024-12-27,Smartwatch FitPro 2,Elettronica,4,Soddisfatto,"Buon prodotto. Lento e poco reattivo nell'uso quotidiano. Bel design, fa la sua figura. In offerta è un vero affare. Promosso, con piccole riserve."
33,2024-08-01,Scarpe da running AeroStep,Sport e tempo libero,5,Top!,"Sono entusiasta. Confezione ordinata e sostenibile. Semplicissimo da configurare e usare. Funziona alla grande, prestazioni sopra le aspettative. Cinque stelle meritate."
34,2024-12-25,Smartwatch FitPro 2,Elettronica,3,Si poteva fare meglio,"Né carne né pesce. Fa esattamente quello che promette, molto efficiente. Durata della batteria molto inferiore a quanto dichiarato. Dipende dalle vostre esigenze."
35,2025-11-04,Smartwatch FitPro 2,Elettronica,4,Soddisfatto,"Nel complesso sono soddisfatto. Semplicissimo da configurare e usare. Plastica fragile, non lo ricomprerei. La batteria dura tantissimo, anche un paio di giorni. Promosso, con piccole riserve."
36,2025-02-10,Scarpe da running AeroStep,Sport e tempo libero,3,Insomma...,"Prodotto con luci e ombre. Ottimo rapporto qualità-prezzo. Assistenza clienti pessima, non rispondono alle email. Così così."
37,2025-03-17,Macchina per il pane HomeBaker,Casa,5,Top!,"Acquisto azzeccato. Prestazioni ottime anche sotto sforzo. Confezione ordinata e sostenibile. Bel design, fa la sua figura. Cinque stelle meritate."
38,2025-05-31,Frullatore ad alta velocità VitaBlend,Casa,2,Poco convincente,"Mi aspettavo di più. Intuitivo fin da subito, nessun manuale necessario. Non funziona bene come pubblicizzato. Ho aspettato due settimane per la consegna, troppo. Deludente."
39,2025-03-03,Zaino da trekking TrekLite 30L,Sport e tempo libero,2,Poco convincente,"Mi aspettavo di più. Ho chiesto un rimborso ma il supporto è stato inutile. Consegna puntuale e nei tempi previsti. Prestazioni deludenti, molto al di sotto delle aspettative. Probabilmente non lo ricomprerei."
40,2024-10-15,Monitor UltraView 27 pollici,Elettronica,5,Eccellente,"Acquisto azzeccato. Intuitivo fin da subito, nessun manuale necessario. Costruzione curata nei dettagli. Ottimo rapporto qualità-prezzo. Cinque stelle meritate."
41,2025-06-17,Cuffie Bluetooth XSound Pro,Elettronica,5,Promosso a pieni voti,"Sono entusiasta. Consegna puntuale e nei tempi previsti. Bel design, fa la sua figura. Ho contattato il supporto e hanno risolto subito. Consigliatissimo!"
42,2025-05-02,Smartwatch FitPro 2,Elettronica,3,Alti e bassi,"Esperienza nella media. Prezzo onesto per quello che offre. Plastica fragile, non lo ricomprerei. Valutate bene prima di acquistare."
43,2024-12-05,Monitor UltraView 27 pollici,Elettronica,5,Lo adoro,"Sono entusiasta. Confezione ordinata e sostenibile. Funziona alla grande, prestazioni sopra le aspettative. Materiali solidi e ben rifiniti. Consigliatissimo!"
44,2025-12-04,Aspirapolvere senza filo CicloneMax,Casa,1,Da evitare,Lo sconsiglio. Si trova di meglio allo stesso prezzo. La scatola è arrivata ammaccata e mal imballata. Configurazione complicata e istruzioni poco chiare. Soldi buttati.
45,2025-11-20,Smartwatch FitPro 2,Elettronica,4,Soddisfatto,"Mi trovo bene. Prezzo onesto per quello che offre. Pacco arrivato prima del previsto, ottimo. Imballaggio insufficiente, il prodotto ballava dentro la scatola. Buon acquisto."
46,2025-07-07,Set lenzuola in cotone SoffiCotone,Casa,5,Lo adoro,"Sono entusiasta. Fa esattamente quello che promette, molto efficiente. Prezzo onesto per quello che offre. Costruzione curata nei dettagli. Lo ricomprerei senza dubbio."
47,2025-12-18,Macchina per il pane HomeBaker,Casa,5,Top!,"Sono entusiasta. Assistenza clienti gentile e rapida nel rispondere. Costruzione curata nei dettagli. Fa esattamente quello che promette, molto efficiente. Lo ricomprerei senza dubbio."
48,2025-04-05,Aspirapolvere senza filo CicloneMax,Casa,2,Poco convincente,"Mi aspettavo di più. Imballaggio insufficiente, il prodotto ballava dentro la scatola. Il colore reale è diverso da quello mostrato online. Intuitivo fin da subito, nessun manuale necessario. Deludente."
49,2025-03-10,Cuffie Bluetooth XSound Pro,Elettronica,5,Eccellente,"Prodotto fantastico! Autonomia eccellente, la ricarico raramente. In offerta è un vero affare. Semplicissimo da configurare e usare. Consigliatissimo!"
50,2025-11-03,Monitor UltraView 27 pollici,Elettronica,5,Eccellente,"Sono entusiasta. Fa esattamente quello che promette, molto efficiente. Esteticamente molto bello, design elegante. Pacco arrivato prima del previsto, ottimo. Consigliatissimo!"
51,2024-10-21,Powerbank ChargeGo 20000mAh,Elettronica,2,Deludente,"Mi aspettavo di più. Configurazione complicata e istruzioni poco chiare. Autonomia eccellente, la ricarico raramente. Prestazioni deludenti, molto al di sotto delle aspettative. Ci ripenserei due volte."
52,2025-05-07,Cuffie Bluetooth XSound Pro,Elettronica,1,Una delusione totale,"Esperienza da dimenticare. Interfaccia confusionaria, ci ho messo ore a capirlo. La scatola è arrivata ammaccata e mal imballata. La batteria si scarica in poche ore, autonomia pessima. Mai più."
53,2024-09-28,Frullatore ad alta velocità VitaBlend,Casa,2,Poco convincente,"Mi aspettavo di più. Configurazione complicata e istruzioni poco chiare. Ho aspettato due settimane per la consegna, troppo. In offerta è un vero affare. Ci ripenserei due volte."
54,2025-06-30,Cuffie Bluetooth XSound Pro,Elettronica,5,Eccellente,"Prodotto fantastico! Pacco arrivato prima del previsto, ottimo. Autonomia eccellente, la ricarico raramente. In offerta è un vero affare. Cinque stelle meritate."
55,2025-11-19,Zaino da trekking TrekLite 30L,Sport e tempo libero,2,Non ci siamo,"Un po' deluso, sinceramente. Intuitivo fin da subito, nessun manuale necessario. Esteticamente deludente, sembra diverso dalle foto. La scatola è arrivata ammaccata e mal imballata. Ci ripenserei due volte."
56,2024-10-18,Cuffie Bluetooth XSound Pro,Elettronica,3,Nella media,"Né carne né pesce. Esteticamente molto bello, design elegante. Imballaggio insufficiente, il prodotto ballava dentro la scatola. Così così."
57,2026-01-03,Tastiera meccanica KeyForge RGB,Elettronica,5,Lo adoro,"Prodotto fantastico! In offerta è un vero affare. Confezione ordinata e sostenibile. Esteticamente molto bello, design elegante. Consigliatissimo!"
58,2025-10-06,Monitor UltraView 27 pollici,Elettronica,4,Soddisfatto,"Buon prodotto. Bel design, fa la sua figura. La batteria dura tantissimo, anche un paio di giorni. Ho aspettato due settimane per la consegna, troppo. Buon acquisto."
59,2024-12-22,Scarpe da running AeroStep,Sport e tempo libero,3,Si poteva fare meglio,Prodotto con luci e ombre. Assistenza clienti gentile e rapida nel rispondere. Lento e poco reattivo nell'uso quotidiano. Dipende dalle vostre esigenze.
60,2024-07-30,Scarpe da running AeroStep,Sport e tempo libero,2,Deludente,"Mi aspettavo di più. Interfaccia confusionaria, ci ho messo ore a capirlo. Il prezzo non è giustificato dalla qualità. Prestazioni ottime anche sotto sforzo. Probabilmente non lo ricomprerei."
61,2026-01-26,Tastiera meccanica KeyForge RGB,Elettronica,2,Poco convincente,"Mi aspettavo di più. Assistenza clienti pessima, non rispondono alle email. Pacco arrivato prima del previsto, ottimo. La batteria si scarica in poche ore, autonomia pessima. Ci ripenserei due volte."
62,2025-03-20,Macchina per il pane HomeBaker,Casa,5,Top!,"Sono entusiasta. Bel design, fa la sua figura. La spedizione è stata velocissima, arrivato in un giorno. Ho contattato il supporto e hanno risolto subito. Cinque stelle meritate."
63,2025-06-06,Scarpe da running AeroStep,Sport e tempo libero,1,Sconsigliato,"Esperienza da dimenticare. Ho aspettato due settimane per la consegna, troppo. Interfaccia confusionaria, ci ho messo ore a capirlo. Prestazioni deludenti, molto al di sotto delle aspettative. Mai più."
64,2025-01-07,Set lenzuola in cotone SoffiCotone,Casa,1,Pessimo,"Lo sconsiglio. Si trova di meglio allo stesso prezzo. Assistenza clienti pessima, non rispondono alle email. Non funziona bene come pubblicizzato. Soldi buttati."
65,2025-09-24,Aspirapolvere senza filo CicloneMax,Casa,5,Eccellente,"Acquisto azzeccato. Confezione ordinata e sostenibile. Ho contattato il supporto e hanno risolto subito. Intuitivo fin da subito, nessun manuale necessario. Cinque stelle meritate."
66,2025-02-18,Set lenzuola in cotone SoffiCotone,Casa,5,Lo adoro,Prodotto fantastico! Ho contattato il supporto e hanno risolto subito. Confezione ordinata e sostenibile. Semplicissimo da configurare e usare. Cinque stelle meritate.
67,2025-08-01,Cuffie Bluetooth XSound Pro,Elettronica,4,Soddisfatto,"Nel complesso sono soddisfatto. Fa esattamente quello che promette, molto efficiente. Troppo caro per quello che offre. La batteria dura tantissimo, anche un paio di giorni. Buon acquisto."
68,2025-02-28,Zaino da trekking TrekLite 30L,Sport e tempo libero,5,Promosso a pieni voti,Prodotto fantastico! Materiali solidi e ben rifiniti. Confezione ordinata e sostenibile. Semplicissimo da configurare e usare. Lo ricomprerei senza dubbio.
69,2025-07-18,Tastiera meccanica KeyForge RGB,Elettronica,5,Top!,"Sono entusiasta. Ho contattato il supporto e hanno risolto subito. Autonomia eccellente, la ricarico raramente. Bel design, fa la sua figura. Cinque stelle meritate."
70,2025-04-06,Macchina per il pane HomeBaker,Casa,2,Mi aspettavo di più,"Un po' deluso, sinceramente. Ho contattato il supporto e hanno risolto subito. La scatola è arrivata ammaccata e mal imballata. Si trova di meglio allo stesso prezzo. Probabilmente non lo ricomprerei."
71,2025-03-19,Smartwatch FitPro 2,Elettronica,5,Eccellente,"Prodotto fantastico! La spedizione è stata velocissima, arrivato in un giorno. Imballaggio curato e prodotto ben protetto. Semplicissimo da configurare e usare. Consigliatissimo!"
72,2025-02-13,Frullatore ad alta velocità VitaBlend,Casa,4,Soddisfatto,"Buon prodotto. La spedizione è stata velocissima, arrivato in un giorno. Esteticamente deludente, sembra diverso dalle foto. Intuitivo fin da subito, nessun manuale necessario. Lo consiglio."
73,2024-09-28,Powerbank ChargeGo 20000mAh,Elettronica,5,Promosso a pieni voti,Prodotto fantastico! Semplicissimo da configurare e usare. Prestazioni ottime anche sotto sforzo. Confezione ordinata e sostenibile. Cinque stelle meritate.
74,2025-06-01,Aspirapolvere senza filo CicloneMax,Casa,3,Nella media,"Prodotto con luci e ombre. Imballaggio insufficiente, il prodotto ballava dentro la scatola. Esteticamente molto bello, design elegante. Così così."
75,2024-11-22,Aspirapolvere senza filo CicloneMax,Casa,5,Lo adoro,"Sono entusiasta. Materiali solidi e ben rifiniti. Esteticamente molto bello, design elegante. Semplicissimo da configurare e usare. Consigliatissimo!"
76,2024-12-22,Aspirapolvere senza filo CicloneMax,Casa,4,Consigliato,"Buon prodotto. In offerta è un vero affare. Imballaggio curato e prodotto ben protetto. Materiali scadenti, sembra un prodotto economico. Promosso, con piccole riserve."
77,2026-01-04,Tastiera meccanica KeyForge RGB,Elettronica,4,Buono,"Buon prodotto. Autonomia eccellente, la ricarico raramente. Imballaggio insufficiente, il prodotto ballava dentro la scatola. Ho contattato il supporto e hanno risolto subito. Buon acquisto."
78,2025-07-09,Zaino da trekking TrekLite 30L,Sport e tempo libero,5,Lo adoro,"Sono entusiasta. Consegna puntuale e nei tempi previsti. Intuitivo fin da subito, nessun manuale necessario. Esteticamente molto bello, design elegante. Cinque stelle meritate."
79,2025-04-03,Smartwatch FitPro 2,Elettronica,4,Soddisfatto,Buon prodotto. Durata della batteria molto inferiore a quanto dichiarato. Prestazioni ottime anche sotto sforzo. Confezione ordinata e sostenibile. Lo consiglio.
80,2025-09-10,Tastiera meccanica KeyForge RGB,Elettronica,4,Buono,"Nel complesso sono soddisfatto. Esteticamente molto bello, design elegante. Fa esattamente quello che promette, molto efficiente. Il prezzo non è giustificato dalla qualità. Promosso, con piccole riserve."
81,2025-09-26,Powerbank ChargeGo 20000mAh,Elettronica,3,Nella media,Esperienza nella media. Lento e poco reattivo nell'uso quotidiano. Assistenza clienti gentile e rapida nel rispondere. Così così.
82,2025-04-25,Aspirapolvere senza filo CicloneMax,Casa,1,Una delusione totale,"Esperienza da dimenticare. Troppo caro per quello che offre. Ho aspettato due settimane per la consegna, troppo. Imballaggio insufficiente, il prodotto ballava dentro la scatola. Soldi buttati."
83,2024-08-11,Tastiera meccanica KeyForge RGB,Elettronica,5,Top!,"Sono entusiasta. Prestazioni ottime anche sotto sforzo. Assistenza clienti gentile e rapida nel rispondere. Intuitivo fin da subito, nessun manuale necessario. Cinque stelle meritate."
84,2024-12-08,Scarpe da running AeroStep,Sport e tempo libero,1,Sconsigliato,"Pessima esperienza. Interfaccia confusionaria, ci ho messo ore a capirlo. Ho aspettato due settimane per la consegna, troppo. Assistenza clienti pessima, non rispondono alle email. Da evitare."
85,2025-09-29,Powerbank ChargeGo 20000mAh,Elettronica,4,Bel prodotto,"Buon prodotto. Imballaggio insufficiente, il prodotto ballava dentro la scatola. La spedizione è stata velocissima, arrivato in un giorno. Ho contattato il supporto e hanno risolto subito. Promosso, con piccole riserve."
86,2024-09-08,Smartwatch FitPro 2,Elettronica,4,Buono,"Nel complesso sono soddisfatto. Fa esattamente quello che promette, molto efficiente. Pacco arrivato prima del previsto, ottimo. Interfaccia confusionaria, ci ho messo ore a capirlo. Buon acquisto."
87,2025-12-12,Set lenzuola in cotone SoffiCotone,Casa,3,Si poteva fare meglio,"Esperienza nella media. Materiali scadenti, sembra un prodotto economico. Fa esattamente quello che promette, molto efficiente. Valutate bene prima di acquistare."
88,2026-01-16,Smartwatch FitPro 2,Elettronica,4,Consigliato,"Mi trovo bene. Materiali solidi e ben rifiniti. Assistenza clienti gentile e rapida nel rispondere. Configurazione complicata e istruzioni poco chiare. Promosso, con piccole riserve."
89,2024-07-25,Monitor UltraView 27 pollici,Elettronica,3,Insomma...,"Né carne né pesce. Consegna in ritardo e nessun aggiornamento sul tracciamento. Intuitivo fin da subito, nessun manuale necessario. Così così."
90,2024-09-19,Scarpe da running AeroStep,Sport e tempo libero,2,Deludente,"Non sono soddisfatto. Intuitivo fin da subito, nessun manuale necessario. Ho aspettato due settimane per la consegna, troppo. Troppo caro per quello che offre. Probabilmente non lo ricomprerei."
91,2024-10-03,Caffè in cialde Aroma Intenso (100 pz),Alimentari,5,Lo adoro,"Prodotto fantastico! Intuitivo fin da subito, nessun manuale necessario. Consegna puntuale e nei tempi previsti. Assistenza clienti gentile e rapida nel rispondere. Consigliatissimo!"
92,2024-11-06,Zaino da trekking TrekLite 30L,Sport e tempo libero,4,Consigliato,"Mi trovo bene. Materiali solidi e ben rifiniti. Prestazioni deludenti, molto al di sotto delle aspettative. Semplicissimo da configurare e usare. Lo consiglio."
93,2024-11-18,Tastiera meccanica KeyForge RGB,Elettronica,5,Top!,"Sono entusiasta. Fa esattamente quello che promette, molto efficiente. Assistenza clienti gentile e rapida nel rispondere. Semplicissimo da configurare e usare. Cinque stelle meritate."
94,2024-12-30,Smartwatch FitPro 2,Elettronica,2,Mi aspettavo di più,"Un po' deluso, sinceramente. Qualità costruttiva eccellente, si sente che è robusto. Il colore reale è diverso da quello mostrato online. Troppo caro per quello che offre. Deludente."
95,2026-02-13,Set lenzuola in cotone SoffiCotone,Casa,3,Si poteva fare meglio,Né carne né pesce. Materiali solidi e ben rifiniti. Si trova di meglio allo stesso prezzo. Dipende dalle vostre esigenze.
96,2024-11-18,Smartwatch FitPro 2,Elettronica,4,Buono,"Nel complesso sono soddisfatto. Ho contattato il supporto e hanno risolto subito. Plastica fragile, non lo ricomprerei. Intuitivo fin da subito, nessun manuale necessario. Buon acquisto."
97,2025-03-27,Caffè in cialde Aroma Intenso (100 pz),Alimentari,5,Lo adoro,Sono entusiasta. Prestazioni ottime anche sotto sforzo. Imballaggio curato e prodotto ben protetto. Ho contattato il supporto e hanno risolto subito. Lo ricomprerei senza dubbio.
98,2024-12-22,Smartwatch FitPro 2,Elettronica,2,Deludente,"Un po' deluso, sinceramente. Prestazioni ottime anche sotto sforzo. Imballaggio insufficiente, il prodotto ballava dentro la scatola. Consegna in ritardo e nessun aggiornamento sul tracciamento. Deludente."
99,2024-12-20,Frullatore ad alta velocità VitaBlend,Casa,3,Alti e bassi,"Prodotto con luci e ombre. Ho contattato il supporto e hanno risolto subito. Imballaggio insufficiente, il prodotto ballava dentro la scatola. Così così."
100,2024-12-08,Macchina per il pane HomeBaker,Casa,4,Buono,"Nel complesso sono soddisfatto. Ho contattato il supporto e hanno risolto subito. Funziona alla grande, prestazioni sopra le aspettative. Imballaggio insufficiente, il prodotto ballava dentro la scatola. Lo consiglio."
101,2024-09-05,Aspirapolvere senza filo CicloneMax,Casa,5,Lo adoro,"Acquisto azzeccato. Ho contattato il supporto e hanno risolto subito. Confezione ordinata e sostenibile. Bel design, fa la sua figura. Lo ricomprerei senza dubbio."
102,2025-05-13,Frullatore ad alta velocità VitaBlend,Casa,5,Eccellente,"Prodotto fantastico! Esteticamente molto bello, design elegante. Prezzo onesto per quello che offre. Qualità costruttiva eccellente, si sente che è robusto. Cinque stelle meritate."
103,2025-09-04,Zaino da trekking TrekLite 30L,Sport e tempo libero,5,Lo adoro,"Sono entusiasta. In offerta è un vero affare. Intuitivo fin da subito, nessun manuale necessario. Prestazioni ottime anche sotto sforzo. Lo ricomprerei senza dubbio."
104,2024-10-27,Powerbank ChargeGo 20000mAh,Elettronica,5,Eccellente,"Sono entusiasta. La batteria dura tantissimo, anche un paio di giorni. Semplicissimo da configurare e usare. Fa esattamente quello che promette, molto efficiente. Cinque stelle meritate."
105,2025-09-26,Frullatore ad alta velocità VitaBlend,Casa,2,Poco convincente,"Un po' deluso, sinceramente. Assistenza clienti pessima, non rispondono alle email. Funziona alla grande, prestazioni sopra le aspettative. Configurazione complicata e istruzioni poco chiare. Deludente."
106,2025-09-10,Aspirapolvere senza filo CicloneMax,Casa,5,Promosso a pieni voti,"Acquisto azzeccato. Esteticamente molto bello, design elegante. Intuitivo fin da subito, nessun manuale necessario. Confezione ordinata e sostenibile. Cinque stelle meritate."
107,2026-01-29,Aspirapolvere senza filo CicloneMax,Casa,3,Insomma...,Prodotto con luci e ombre. Si trova di meglio allo stesso prezzo. Confezione ordinata e sostenibile. Dipende dalle vostre esigenze.
108,2025-03-18,Set lenzuola in cotone SoffiCotone,Casa,4,Soddisfatto,"Buon prodotto. Esteticamente molto bello, design elegante. Interfaccia confusionaria, ci ho messo ore a capirlo. La spedizione è stata velocissima, arrivato in un giorno. Lo consiglio."
109,2026-01-09,Monitor UltraView 27 pollici,Elettronica,1,Una delusione totale,Pessima esperienza. Ho chiesto un rimborso ma il supporto è stato inutile. Lento e poco reattivo nell'uso quotidiano. Configurazione complicata e istruzioni poco chiare. Da evitare.
110,2025-11-29,Frullatore ad alta velocità VitaBlend,Casa,1,Sconsigliato,"Esperienza da dimenticare. Interfaccia confusionaria, ci ho messo ore a capirlo. Consegna in ritardo e nessun aggiornamento sul tracciamento. Plastica fragile, non lo ricomprerei. Da evitare."
111,2025-02-20,Powerbank ChargeGo 20000mAh,Elettronica,4,Consigliato,"Nel complesso sono soddisfatto. La scatola è arrivata ammaccata e mal imballata. Autonomia eccellente, la ricarico raramente. Ho contattato il supporto e hanno risolto subito. Promosso, con piccole riserve."
112,2024-08-07,Monitor UltraView 27 pollici,Elettronica,5,Lo adoro,"Sono entusiasta. Imballaggio curato e prodotto ben protetto. La batteria dura tantissimo, anche un paio di giorni. Ho contattato il supporto e hanno risolto subito. Consigliatissimo!"
113,2025-04-09,Aspirapolvere senza filo CicloneMax,Casa,5,Promosso a pieni voti,Sono entusiasta. Confezione ordinata e sostenibile. Prezzo onesto per quello che offre. Materiali solidi e ben rifiniti. Cinque stelle meritate.
114,2025-04-20,Frullatore ad alta velocità VitaBlend,Casa,1,Pessimo,"Esperienza da dimenticare. Interfaccia confusionaria, ci ho messo ore a capirlo. Consegna in ritardo e nessun aggiornamento sul tracciamento. La scatola è arrivata ammaccata e mal imballata. Mai più."
115,2024-12-28,Tastiera meccanica KeyForge RGB,Elettronica,4,Soddisfatto,"Buon prodotto. In offerta è un vero affare. Assistenza clienti pessima, non rispondono alle email. Semplicissimo da configurare e usare. Promosso, con piccole riserve."
116,2025-04-14,Frullatore ad alta velocità VitaBlend,Casa,3,Alti e bassi,"Prodotto con luci e ombre. Imballaggio curato e prodotto ben protetto. Interfaccia confusionaria, ci ho messo ore a capirlo. Dipende dalle vostre esigenze."
117,2024-10-17,Scarpe da running AeroStep,Sport e tempo libero,1,Una delusione totale,"Lo sconsiglio. Imballaggio insufficiente, il prodotto ballava dentro la scatola. La spedizione ha tardato parecchi giorni rispetto alla stima. Ho chiesto un rimborso ma il supporto è stato inutile. Da evitare."
118,2025-06-12,Scarpe da running AeroStep,Sport e tempo libero,4,Consigliato,"Buon prodotto. La scatola è arrivata ammaccata e mal imballata. Semplicissimo da configurare e usare. Ho contattato il supporto e hanno risolto subito. Promosso, con piccole riserve."
119,2026-01-07,Zaino da trekking TrekLite 30L,Sport e tempo libero,5,Top!,"Acquisto azzeccato. Assistenza clienti gentile e rapida nel rispondere. Materiali solidi e ben rifiniti. Pacco arrivato prima del previsto, ottimo. Lo ricomprerei senza dubbio."
120,2025-05-13,Frullatore ad alta velocità VitaBlend,Casa,5,Top!,"Sono entusiasta. Prezzo onesto per quello che offre. Fa esattamente quello che promette, molto efficiente. Costruzione curata nei dettagli. Consigliatissimo!"
121,2025-04-30,Smartwatch FitPro 2,Elettronica,3,Nella media,"Esperienza nella media. La batteria dura tantissimo, anche un paio di giorni. Si trova di meglio allo stesso prezzo. Valutate bene prima di acquistare."
122,2026-02-15,Monitor UltraView 27 pollici,Elettronica,5,Lo adoro,"Acquisto azzeccato. Intuitivo fin da subito, nessun manuale necessario. Pacco arrivato prima del previsto, ottimo. La batteria dura tantissimo, anche un paio di giorni. Lo ricomprerei senza dubbio."
123,2025-04-04,Caffè in cialde Aroma Intenso (100 pz),Alimentari,4,Soddisfatto,"Nel complesso sono soddisfatto. Ho contattato il supporto e hanno risolto subito. Si trova di meglio allo stesso prezzo. La spedizione è stata velocissima, arrivato in un giorno. Promosso, con piccole riserve."
124,2025-10-31,Cuffie Bluetooth XSound Pro,Elettronica,5,Eccellente,"Prodotto fantastico! Pacco arrivato prima del previsto, ottimo. Confezione ordinata e sostenibile. Bel design, fa la sua figura. Cinque stelle meritate."
125,2025-02-12,Caffè in cialde Aroma Intenso (100 pz),Alimentari,5,Eccellente,"Acquisto azzeccato. Qualità costruttiva eccellente, si sente che è robusto. Assistenza clienti gentile e rapida nel rispondere. Imballaggio curato e prodotto ben protetto. Cinque stelle meritate."
126,2025-11-07,Macchina per il pane HomeBaker,Casa,4,Buono,Nel complesso sono soddisfatto. Costruzione curata nei dettagli. Consegna puntuale e nei tempi previsti. Si trova di meglio allo stesso prezzo. Buon acquisto.
127,2024-09-22,Powerbank ChargeGo 20000mAh,Elettronica,1,Sconsigliato,"Esperienza da dimenticare. Ho aspettato due settimane per la consegna, troppo. Interfaccia confusionaria, ci ho messo ore a capirlo. La batteria si scarica in poche ore, autonomia pessima. Da evitare."
128,2025-12-26,Scarpe da running AeroStep,Sport e tempo libero,4,Buono,Buon prodotto. La scatola è arrivata ammaccata e mal imballata. Prestazioni ottime anche sotto sforzo. Assistenza clienti gentile e rapida nel rispondere. Buon acquisto.
129,2024-08-26,Smartwatch FitPro 2,Elettronica,1,Da evitare,"Pessima esperienza. Il colore reale è diverso da quello mostrato online. Interfaccia confusionaria, ci ho messo ore a capirlo. Durata della batteria molto inferiore a quanto dichiarato. Mai più."
130,2025-07-09,Set lenzuola in cotone SoffiCotone,Casa,1,Da evitare,Lo sconsiglio. Configurazione complicata e istruzioni poco chiare. Il prezzo non è giustificato dalla qualità. La spedizione ha tardato parecchi giorni rispetto alla stima. Soldi buttati.
131,2026-01-26,Scarpe da running AeroStep,Sport e tempo libero,4,Consigliato,Nel complesso sono soddisfatto. Assistenza clienti gentile e rapida nel rispondere. Troppo caro per quello che offre. Costruzione curata nei dettagli. Buon acquisto.
132,2024-07-20,Tastiera meccanica KeyForge RGB,Elettronica,3,Si poteva fare meglio,Esperienza nella media. Imballaggio curato e prodotto ben protetto. Troppo caro per quello che offre. Così così.
133,2026-01-12,Tastiera meccanica KeyForge RGB,Elettronica,4,Bel prodotto,"Mi trovo bene. Consegna puntuale e nei tempi previsti. Semplicissimo da configurare e usare. Assistenza clienti pessima, non rispondono alle email. Promosso, con piccole riserve."
134,2025-04-28,Set lenzuola in cotone SoffiCotone,Casa,3,Alti e bassi,"Esperienza nella media. La spedizione è stata velocissima, arrivato in un giorno. Si trova di meglio allo stesso prezzo. Valutate bene prima di acquistare."
135,2025-11-27,Scarpe da running AeroStep,Sport e tempo libero,1,Da evitare,Esperienza da dimenticare. La spedizione ha tardato parecchi giorni rispetto alla stima. Il prezzo non è giustificato dalla qualità. Il colore reale è diverso da quello mostrato online. Soldi buttati.
136,2024-10-27,Cuffie Bluetooth XSound Pro,Elettronica,5,Promosso a pieni voti,"Acquisto azzeccato. Bel design, fa la sua figura. Materiali solidi e ben rifiniti. Prezzo onesto per quello che offre. Lo ricomprerei senza dubbio."
137,2024-09-22,Macchina per il pane HomeBaker,Casa,3,Insomma...,Né carne né pesce. Consegna puntuale e nei tempi previsti. Ho chiesto un rimborso ma il supporto è stato inutile. Dipende dalle vostre esigenze.
138,2024-08-12,Scarpe da running AeroStep,Sport e tempo libero,5,Eccellente,"Prodotto fantastico! Costruzione curata nei dettagli. La spedizione è stata velocissima, arrivato in un giorno. Funziona alla grande, prestazioni sopra le aspettative. Consigliatissimo!"
139,2025-09-09,Caffè in cialde Aroma Intenso (100 pz),Alimentari,5,Promosso a pieni voti,"Acquisto azzeccato. Bel design, fa la sua figura. Consegna puntuale e nei tempi previsti. Prezzo onesto per quello che offre. Consigliatissimo!"
140,2025-09-28,Macchina per il pane HomeBaker,Casa,4,Buono,"Nel complesso sono soddisfatto. Bel design, fa la sua figura. Imballaggio curato e prodotto ben protetto. Materiali scadenti, sembra un prodotto economico. Buon acquisto."
141,2024-09-05,Zaino da trekking TrekLite 30L,Sport e tempo libero,4,Bel prodotto,Nel complesso sono soddisfatto. Assistenza clienti gentile e rapida nel rispondere. Imballaggio curato e prodotto ben protetto. Si trova di meglio allo stesso prezzo. Lo consiglio.
142,2025-01-19,Powerbank ChargeGo 20000mAh,Elettronica,1,Pessimo,"Esperienza da dimenticare. La batteria si scarica in poche ore, autonomia pessima. Materiali scadenti, sembra un prodotto economico. Si trova di meglio allo stesso prezzo. Soldi buttati."
143,2026-02-20,Monitor UltraView 27 pollici,Elettronica,1,Da evitare,Pessima esperienza. Configurazione complicata e istruzioni poco chiare. Lento e poco reattivo nell'uso quotidiano. Il colore reale è diverso da quello mostrato online. Mai più.
144,2026-01-27,Smartwatch FitPro 2,Elettronica,4,Soddisfatto,"Mi trovo bene. Materiali scadenti, sembra un prodotto economico. Prezzo onesto per quello che offre. Confezione ordinata e sostenibile. Buon acquisto."
145,2025-10-09,Monitor UltraView 27 pollici,Elettronica,5,Top!,Sono entusiasta. Assistenza clienti gentile e rapida nel rispondere. Prestazioni ottime anche sotto sforzo. Confezione ordinata e sostenibile. Cinque stelle meritate.
146,2025-03-02,Powerbank ChargeGo 20000mAh,Elettronica,2,Non ci siamo,"Mi aspettavo di più. Bel design, fa la sua figura. Non funziona bene come pubblicizzato. Troppo caro per quello che offre. Probabilmente non lo ricomprerei."
147,2025-04-11,Frullatore ad alta velocità VitaBlend,Casa,5,Lo adoro,"Acquisto azzeccato. Semplicissimo da configurare e usare. Materiali solidi e ben rifiniti. Bel design, fa la sua figura. Consigliatissimo!"
148,2024-08-11,Smartwatch FitPro 2,Elettronica,5,Top!,"Prodotto fantastico! Autonomia eccellente, la ricarico raramente. Bel design, fa la sua figura. Qualità costruttiva eccellente, si sente che è robusto. Consigliatissimo!"
149,2024-10-13,Tastiera meccanica KeyForge RGB,Elettronica,4,Soddisfatto,"Buon prodotto. Assistenza clienti pessima, non rispondono alle email. Bel design, fa la sua figura. Imballaggio curato e prodotto ben protetto. Promosso, con piccole riserve."
150,2025-01-20,Smartwatch FitPro 2,Elettronica,5,Lo adoro,"Sono entusiasta. Esteticamente molto bello, design elegante. Confezione ordinata e sostenibile. Autonomia eccellente, la ricarico raramente. Lo ricomprerei senza dubbio."
151,2025-05-07,Tastiera meccanica KeyForge RGB,Elettronica,4,Consigliato,"Buon prodotto. Il colore reale è diverso da quello mostrato online. Pacco arrivato prima del previsto, ottimo. Semplicissimo da configurare e usare. Promosso, con piccole riserve."
152,2025-12-21,Tastiera meccanica KeyForge RGB,Elettronica,2,Non ci siamo,"Mi aspettavo di più. Non funziona bene come pubblicizzato. Imballaggio curato e prodotto ben protetto. Esteticamente deludente, sembra diverso dalle foto. Ci ripenserei due volte."
153,2024-12-28,Set lenzuola in cotone SoffiCotone,Casa,4,Buono,"Mi trovo bene. Intuitivo fin da subito, nessun manuale necessario. Pacco arrivato prima del previsto, ottimo. Il colore reale è diverso da quello mostrato online. Buon acquisto."
154,2026-02-19,Monitor UltraView 27 pollici,Elettronica,3,Nella media,"Né carne né pesce. Costruzione curata nei dettagli. Interfaccia confusionaria, ci ho messo ore a capirlo. Valutate bene prima di acquistare."
155,2025-11-03,Caffè in cialde Aroma Intenso (100 pz),Alimentari,5,Promosso a pieni voti,"Sono entusiasta. Intuitivo fin da subito, nessun manuale necessario. La spedizione è stata velocissima, arrivato in un giorno. Confezione ordinata e sostenibile. Lo ricomprerei senza dubbio."
156,2026-02-06,Monitor UltraView 27 pollici,Elettronica,5,Lo adoro,"Acquisto azzeccato. La spedizione è stata velocissima, arrivato in un giorno. Intuitivo fin da subito, nessun manuale necessario. Confezione ordinata e sostenibile. Lo ricomprerei senza dubbio."
157,2025-08-25,Set lenzuola in cotone SoffiCotone,Casa,5,Promosso a pieni voti,"Sono entusiasta. Bel design, fa la sua figura. Qualità costruttiva eccellente, si sente che è robusto. Pacco arrivato prima del previsto, ottimo. Cinque stelle meritate."
158,2025-12-27,Set lenzuola in cotone SoffiCotone,Casa,3,Nella media,"Esperienza nella media. Troppo caro per quello che offre. Bel design, fa la sua figura. Dipende dalle vostre esigenze."
159,2025-09-06,Powerbank ChargeGo 20000mAh,Elettronica,5,Lo adoro,"Sono entusiasta. Prestazioni ottime anche sotto sforzo. Confezione ordinata e sostenibile. Bel design, fa la sua figura. Consigliatissimo!"
160,2024-07-21,Tastiera meccanica KeyForge RGB,Elettronica,4,Consigliato,"Mi trovo bene. Prestazioni ottime anche sotto sforzo. Plastica fragile, non lo ricomprerei. Assistenza clienti gentile e rapida nel rispondere. Lo consiglio."
161,2025-10-13,Frullatore ad alta velocità VitaBlend,Casa,5,Promosso a pieni voti,"Prodotto fantastico! Pacco arrivato prima del previsto, ottimo. Ho contattato il supporto e hanno risolto subito. Intuitivo fin da subito, nessun manuale necessario. Consigliatissimo!"
162,2026-01-27,Frullatore ad alta velocità VitaBlend,Casa,1,Una delusione totale,Pessima esperienza. La scatola è arrivata ammaccata e mal imballata. Consegna in ritardo e nessun aggiornamento sul tracciamento. Troppo caro per quello che offre. Soldi buttati.
163,2024-08-19,Zaino da trekking TrekLite 30L,Sport e tempo libero,4,Soddisfatto,"Mi trovo bene. Consegna puntuale e nei tempi previsti. Imballaggio curato e prodotto ben protetto. Il colore reale è diverso da quello mostrato online. Promosso, con piccole riserve."
164,2024-12-18,Frullatore ad alta velocità VitaBlend,Casa,5,Promosso a pieni voti,"Acquisto azzeccato. Imballaggio curato e prodotto ben protetto. Semplicissimo da configurare e usare. Fa esattamente quello che promette, molto efficiente. Cinque stelle meritate."
165,2025-11-24,Tastiera meccanica KeyForge RGB,Elettronica,5,Promosso a pieni voti,"Acquisto azzeccato. La batteria dura tantissimo, anche un paio di giorni. Ho contattato il supporto e hanno risolto subito. Confezione ordinata e sostenibile. Cinque stelle meritate."
166,2024-07-18,Frullatore ad alta velocità VitaBlend,Casa,1,Una delusione totale,"Esperienza da dimenticare. Plastica fragile, non lo ricomprerei. Il prezzo non è giustificato dalla qualità. La spedizione ha tardato parecchi giorni rispetto alla stima. Da evitare."
167,2025-11-26,Set lenzuola in cotone SoffiCotone,Casa,4,Consigliato,Mi trovo bene. Prestazioni ottime anche sotto sforzo. Il prezzo non è giustificato dalla qualità. Confezione ordinata e sostenibile. Lo consiglio.
168,2025-03-21,Set lenzuola in cotone SoffiCotone,Casa,3,Alti e bassi,"Né carne né pesce. Ottimo rapporto qualità-prezzo. Imballaggio insufficiente, il prodotto ballava dentro la scatola. Dipende dalle vostre esigenze."
169,2025-04-26,Tastiera meccanica KeyForge RGB,Elettronica,2,Mi aspettavo di più,"Non sono soddisfatto. Prestazioni deludenti, molto al di sotto delle aspettative. Confezione ordinata e sostenibile. Il prezzo non è giustificato dalla qualità. Probabilmente non lo ricomprerei."
170,2026-02-28,Caffè in cialde Aroma Intenso (100 pz),Alimentari,5,Promosso a pieni voti,"Acquisto azzeccato. Esteticamente molto bello, design elegante. Prestazioni ottime anche sotto sforzo. Qualità costruttiva eccellente, si sente che è robusto. Lo ricomprerei senza dubbio."
171,2025-11-30,Scarpe da running AeroStep,Sport e tempo libero,5,Top!,Prodotto fantastico! Assistenza clienti gentile e rapida nel rispondere. Ottimo rapporto qualità-prezzo. Confezione ordinata e sostenibile. Consigliatissimo!
172,2025-09-27,Smartwatch FitPro 2,Elettronica,5,Eccellente,"Acquisto azzeccato. Intuitivo fin da subito, nessun manuale necessario. Esteticamente molto bello, design elegante. Ho contattato il supporto e hanno risolto subito. Cinque stelle meritate."
173,2025-12-05,Tastiera meccanica KeyForge RGB,Elettronica,3,Alti e bassi,"Né carne né pesce. Troppo caro per quello che offre. Fa esattamente quello che promette, molto efficiente. Così così."
174,2025-06-29,Powerbank ChargeGo 20000mAh,Elettronica,3,Insomma...,Prodotto con luci e ombre. Costruzione curata nei dettagli. Ho chiesto un rimborso ma il supporto è stato inutile. Valutate bene prima di acquistare.
175,2026-02-12,Frullatore ad alta velocità VitaBlend,Casa,5,Top!,Sono entusiasta. Confezione ordinata e sostenibile. Materiali solidi e ben rifiniti. Prezzo onesto per quello che offre. Lo ricomprerei senza dubbio.
176,2025-04-18,Cuffie Bluetooth XSound Pro,Elettronica,5,Top!,"Sono entusiasta. Confezione ordinata e sostenibile. Ho contattato il supporto e hanno risolto subito. La batteria dura tantissimo, anche un paio di giorni. Lo ricomprerei senza dubbio."
177,2026-01-04,Powerbank ChargeGo 20000mAh,Elettronica,1,Una delusione totale,"Pessima esperienza. Configurazione complicata e istruzioni poco chiare. La scatola è arrivata ammaccata e mal imballata. Assistenza clienti pessima, non rispondono alle email. Soldi buttati."
178,2025-10-23,Set lenzuola in cotone SoffiCotone,Casa,2,Poco convincente,"Un po' deluso, sinceramente. Bel design, fa la sua figura. Non funziona bene come pubblicizzato. Plastica fragile, non lo ricomprerei. Ci ripenserei due volte."
179,2025-02-18,Macchina per il pane HomeBaker,Casa,1,Da evitare,"Lo sconsiglio. Imballaggio insufficiente, il prodotto ballava dentro la scatola. Interfaccia confusionaria, ci ho messo ore a capirlo. Lento e poco reattivo nell'uso quotidiano. Da evitare."
180,2026-01-24,Caffè in cialde Aroma Intenso (100 pz),Alimentari,2,Non ci siamo,"Un po' deluso, sinceramente. Assistenza clienti gentile e rapida nel rispondere. Si è rotto dopo pochi giorni di utilizzo. Troppo caro per quello che offre. Probabilmente non lo ricomprerei."
181,2024-11-10,Zaino da trekking TrekLite 30L,Sport e tempo libero,5,Lo adoro,"Sono entusiasta. Imballaggio curato e prodotto ben protetto. Funziona alla grande, prestazioni sopra le aspettative. Materiali solidi e ben rifiniti. Lo ricomprerei senza dubbio."
182,2024-08-19,Caffè in cialde Aroma Intenso (100 pz),Alimentari,5,Promosso a pieni voti,"Prodotto fantastico! Assistenza clienti gentile e rapida nel rispondere. Fa esattamente quello che promette, molto efficiente. Qualità costruttiva eccellente, si sente che è robusto. Cinque stelle meritate."
183,2024-09-05,Aspirapolvere senza filo CicloneMax,Casa,5,Promosso a pieni voti,"Prodotto fantastico! Intuitivo fin da subito, nessun manuale necessario. Costruzione curata nei dettagli. Esteticamente molto bello, design elegante. Lo ricomprerei senza dubbio."
184,2024-09-30,Frullatore ad alta velocità VitaBlend,Casa,4,Soddisfatto,Mi trovo bene. Si è rotto dopo pochi giorni di utilizzo. Ho contattato il supporto e hanno risolto subito. Prestazioni ottime anche sotto sforzo. Lo consiglio.
185,2025-04-01,Set lenzuola in cotone SoffiCotone,Casa,2,Poco convincente,"Non sono soddisfatto. Esteticamente molto bello, design elegante. Il prezzo non è giustificato dalla qualità. Interfaccia confusionaria, ci ho messo ore a capirlo. Deludente."
186,2025-02-28,Scarpe da running AeroStep,Sport e tempo libero,5,Promosso a pieni voti,"Prodotto fantastico! Semplicissimo da configurare e usare. Qualità costruttiva eccellente, si sente che è robusto. Prezzo onesto per quello che offre. Cinque stelle meritate."
187,2025-03-02,Scarpe da running AeroStep,Sport e tempo libero,5,Eccellente,"Acquisto azzeccato. Materiali solidi e ben rifiniti. Prezzo onesto per quello che offre. Esteticamente molto bello, design elegante. Lo ricomprerei senza dubbio."
188,2025-07-17,Powerbank ChargeGo 20000mAh,Elettronica,5,Promosso a pieni voti,"Prodotto fantastico! Ho contattato il supporto e hanno risolto subito. La batteria dura tantissimo, anche un paio di giorni. Ottimo rapporto qualità-prezzo. Lo ricomprerei senza dubbio."
189,2025-10-27,Zaino da trekking TrekLite 30L,Sport e tempo libero,2,Deludente,"Un po' deluso, sinceramente. Non funziona bene come pubblicizzato. Imballaggio curato e prodotto ben protetto. Materiali scadenti, sembra un prodotto economico. Ci ripenserei due volte."
190,2025-05-19,Scarpe da running AeroStep,Sport e tempo libero,5,Eccellente,"Prodotto fantastico! La spedizione è stata velocissima, arrivato in un giorno. In offerta è un vero affare. Confezione ordinata e sostenibile. Consigliatissimo!"
191,2024-09-09,Aspirapolvere senza filo CicloneMax,Casa,5,Promosso a pieni voti,"Sono entusiasta. Ho contattato il supporto e hanno risolto subito. La spedizione è stata velocissima, arrivato in un giorno. Imballaggio curato e prodotto ben protetto. Lo ricomprerei senza dubbio."
192,2025-07-20,Set lenzuola in cotone SoffiCotone,Casa,1,Pessimo,"Pessima esperienza. Lento e poco reattivo nell'uso quotidiano. Il colore reale è diverso da quello mostrato online. Imballaggio insufficiente, il prodotto ballava dentro la scatola. Soldi buttati."
193,2025-01-28,Caffè in cialde Aroma Intenso (100 pz),Alimentari,5,Lo adoro,Prodotto fantastico! Semplicissimo da configurare e usare. Materiali solidi e ben rifiniti. Consegna puntuale e nei tempi previsti. Cinque stelle meritate.
194,2025-09-03,Aspirapolvere senza filo CicloneMax,Casa,5,Eccellente,Acquisto azzeccato. Prestazioni ottime anche sotto sforzo. Imballaggio curato e prodotto ben protetto. Costruzione curata nei dettagli. Consigliatissimo!
195,2024-07-09,Cuffie Bluetooth XSound Pro,Elettronica,5,Promosso a pieni voti,"Prodotto fantastico! Imballaggio curato e prodotto ben protetto. Ottimo rapporto qualità-prezzo. Autonomia eccellente, la ricarico raramente. Lo ricomprerei senza dubbio."
196,2025-04-11,Smartwatch FitPro 2,Elettronica,2,Mi aspettavo di più,"Non sono soddisfatto. Fa esattamente quello che promette, molto efficiente. Configurazione complicata e istruzioni poco chiare. Assistenza clienti pessima, non rispondono alle email. Ci ripenserei due volte."
197,2024-07-23,Macchina per il pane HomeBaker,Casa,1,Sconsigliato,"Lo sconsiglio. Si trova di meglio allo stesso prezzo. Si è rotto dopo pochi giorni di utilizzo. Ho aspettato due settimane per la consegna, troppo. Da evitare."
198,2025-12-01,Tastiera meccanica KeyForge RGB,Elettronica,5,Lo adoro,Prodotto fantastico! In offerta è un vero affare. Semplicissimo da configurare e usare. Imballaggio curato e prodotto ben protetto. Cinque stelle meritate.
199,2024-10-13,Scarpe da running AeroStep,Sport e tempo libero,5,Eccellente,"Prodotto fantastico! Esteticamente molto bello, design elegante. Ho contattato il supporto e hanno risolto subito. Funziona alla grande, prestazioni sopra le aspettative. Consigliatissimo!"
200,2025-03-16,Monitor UltraView 27 pollici,Elettronica,4,Soddisfatto,"Nel complesso sono soddisfatto. Ottimo rapporto qualità-prezzo. Materiali scadenti, sembra un prodotto economico. Consegna puntuale e nei tempi previsti. Lo consiglio."
